tr_id,unit_id
116445,663271
115106,664030
120439,666753
119145,668372
122658,786201
116057,794446
124423,815631
129803,890371
122048,893159
129964,894032
130072,896671
130238,902577
130389,910085
122613,913870
130460,914839
130576,979637
131542,984922
131672,985940
131954,987268
131993,987380
132430,1012706
133300,1076894
133957,1099984
134040,1105498
118726,1112060
134494,1118231
134585,1120670
135081,1133091
135511,1155033
136887,1174091
9000000,9000000
9000001,9000001
9000002,9000002
9000003,9000003
9000004,9000004
9000005,9000005
9000006,9000006
9000007,9000007
9000008,9000008
9000009,9000009
9000010,9000010
9000011,9000011
9000012,9000012
9000013,9000013
9000014,9000014
9000015,9000015
9000016,9000016
9000017,9000017
9000018,9000018
9000019,9000019
9000020,9000020
9000021,9000021
9000022,9000022
9000023,9000023
9000024,9000024
9000025,9000025
